{
    "test_user": {
        "email": "uw-23-cy-bs-050@student.uow.edu.pk",
        "password": "$2b$12$qSIOm7cX7aJW/yXgP16/JuYWWGlUjc9Up2a8KRlHPrbow.hrCsu2.",
        "balance": 83500.0,
        "history": [
            "Deposited $2200.00",
            "Withdrew $200.00",
            "Withdrew $500.00",
            "Deposited $2500.00 on 14 Jun 2025 at 08:29 PM",
            "Withdrew $1000.00 on 14 Jun 2025 at 08:30 PM",
            "Deposited $500.00 on 14 Jun 2025 at 10:41 PM",
            "Withdrew $700.00 on 14 Jun 2025 at 10:41 PM",
            "Withdrew $150.00 on 14 Jun 2025 at 10:42 PM",
            "Deposited $50.00 on 14 Jun 2025 at 11:44 PM",
            "Deposited $150000.00 on 15 Jun 2025 at 12:56 AM",
            "Withdrew $2000.00 on 15 Jun 2025 at 12:58 AM",
            "Withdrew $20000.00 on 15 Jun 2025 at 01:05 AM",
            "Withdrew $2000.00 on 15 Jun 2025 at 01:06 AM",
            "Withdrew $200.00 on 15 Jun 2025 at 01:45 AM",
            "Deposited $500.00 on 15 Jun 2025 at 01:54 AM",
            "Withdrew $15000.00 on 15 Jun 2025 at 05:47 PM",
            "Deposited $500.00 on 15 Jun 2025 at 05:49 PM",
            "Withdrew $500.00 on 15 Jun 2025 at 06:03 PM",
            "Withdrew $20000.00 on 15 Jun 2025 at 06:04 PM",
            "Deposited $10000.00 on 15 Jun 2025 at 06:15 PM",
            "Withdrew $500.00 on 15 Jun 2025 at 06:27 PM",
            "Withdrew $20000.00 on 15 Jun 2025 at 06:43 PM"
        ],
        "confirmed": true
    },
    "AzfarWaqas": {
        "email": "azfar.waqas6678@gmail.com",
        "password": "$2b$12$Q4CEuryJg86kKcyO2QYoU.Aj3Kg4gcbA/.d2zwnmu01X90ar5axgm",
        "balance": 99900750.0,
        "history": [
            "Deposited $1000.00 on 15 Jun 2025 at 08:54 PM",
            "Withdrew $250.00 on 15 Jun 2025 at 08:54 PM",
            "Deposited $100000000.00 on 15 Jun 2025 at 08:55 PM",
            "Withdrew $100000.00 on 15 Jun 2025 at 08:56 PM"
        ],
        "confirmed": true
    },
    "Dr_Mumtaz": {
        "email": "drazfark@gmail.com",
        "password": "$2b$12$ya.1Wg6rNZrB7zo4.QIO8.CBQ/XhGzFKO/QJT186LsHwzXcgujaaW",
        "balance": 999900000.0,
        "history": [
            "Deposited $1000000000.00 on 16 Jun 2025 at 03:30 PM",
            "Withdrew $100000.00 on 16 Jun 2025 at 03:31 PM"
        ],
        "confirmed": true
    }
}